#,Name,Type 1,Type 2,Total,HP,Attack,Defense,Sp. Atk,Sp. Def,Speed,Generation,Legendary
1,Bulbasaur,Grass,Poison,318,45,49,49,65,65,45,1,FALSE
2,Ivysaur,Grass,Poison,405,60,62,63,80,80,60,1,FALSE
3-mega,Venusaur,Grass,Poison,525,80,82,83,100,100,80,1,FALSE
3,VenusaurMega Venusaur,Grass,Poison,625,80,100,123,122,120,80,1,FALSE
4,Charmander,Fire,<UNK>,309,39,52,43,60,50,65,1,FALSE
5,Charmeleon,Fire,<UNK>,405,58,64,58,80,65,80,1,FALSE
6-mega-y,Charizard,Fire,Flying,534,78,84,78,109,85,100,1,FALSE
6-mega-x,CharizardMega Charizard X,Fire,Dragon,634,78,130,111,130,85,100,1,FALSE
6,CharizardMega Charizard Y,Fire,Flying,634,78,104,78,159,115,100,1,FALSE
7,Squirtle,Water,<UNK>,314,44,48,65,50,64,43,1,FALSE
8,Wartortle,Water,<UNK>,405,59,63,80,65,80,58,1,FALSE
9-mega,Blastoise,Water,<UNK>,530,79,83,100,85,105,78,1,FALSE
9,BlastoiseMega Blastoise,Water,<UNK>,630,79,103,120,135,115,78,1,FALSE
10,Caterpie,Bug,<UNK>,195,45,30,35,20,20,45,1,FALSE
11,Metapod,Bug,<UNK>,205,50,20,55,25,25,30,1,FALSE
12,Butterfree,Bug,Flying,395,60,45,50,90,80,70,1,FALSE
13,Weedle,Bug,Poison,195,40,35,30,20,20,50,1,FALSE
14,Kakuna,Bug,Poison,205,45,25,50,25,25,35,1,FALSE
15,Beedrill,Bug,Poison,395,65,90,40,45,80,75,1,FALSE
15-mega,BeedrillMega Beedrill,Bug,Poison,495,65,150,40,15,80,145,1,FALSE
16,Pidgey,Normal,Flying,251,40,45,40,35,35,56,1,FALSE
17,Pidgeotto,Normal,Flying,349,63,60,55,50,50,71,1,FALSE
18-mega,Pidgeot,Normal,Flying,479,83,80,75,70,70,101,1,FALSE
18,PidgeotMega Pidgeot,Normal,Flying,579,83,80,80,135,80,121,1,FALSE
19,Rattata,Normal,<UNK>,253,30,56,35,25,35,72,1,FALSE
20,Raticate,Normal,<UNK>,413,55,81,60,50,70,97,1,FALSE
21,Spearow,Normal,Flying,262,40,60,30,31,31,70,1,FALSE
22,Fearow,Normal,Flying,442,65,90,65,61,61,100,1,FALSE
23,Ekans,Poison,<UNK>,288,35,60,44,40,54,55,1,FALSE
24,Arbok,Poison,<UNK>,438,60,85,69,65,79,80,1,FALSE
25-rock-star,Pikachu,Electric,<UNK>,320,35,55,40,50,50,90,1,FALSE
25-pop-star,Raichu,Electric,<UNK>,485,60,90,55,90,80,110,1,FALSE
25-libre,Sandshrew,Ground,<UNK>,300,50,75,85,20,30,40,1,FALSE
25-phd,Sandslash,Ground,<UNK>,450,75,100,110,45,55,65,1,FALSE
25-belle,Nidoran♀,Poison,<UNK>,275,55,47,52,40,40,41,1,FALSE
25,Nidorina,Poison,<UNK>,365,70,62,67,55,55,56,1,FALSE
26,Nidoqueen,Poison,Ground,505,90,92,87,75,85,76,1,FALSE
27,Nidoran♂,Poison,<UNK>,273,46,57,40,40,40,50,1,FALSE
28,Nidorino,Poison,<UNK>,365,61,72,57,55,55,65,1,FALSE
29,Nidoking,Poison,Ground,505,81,102,77,85,75,85,1,FALSE
30,Clefairy,Fairy,<UNK>,323,70,45,48,60,65,35,1,FALSE
31,Clefable,Fairy,<UNK>,483,95,70,73,95,90,60,1,FALSE
32,Vulpix,Fire,<UNK>,299,38,41,40,50,65,65,1,FALSE
33,Ninetales,Fire,<UNK>,505,73,76,75,81,100,100,1,FALSE
34,Jigglypuff,Normal,Fairy,270,115,45,20,45,25,20,1,FALSE
35,Wigglytuff,Normal,Fairy,435,140,70,45,85,50,45,1,FALSE
36,Zubat,Poison,Flying,245,40,45,35,30,40,55,1,FALSE
37,Golbat,Poison,Flying,455,75,80,70,65,75,90,1,FALSE
38,Oddish,Grass,Poison,320,45,50,55,75,65,30,1,FALSE
39,Gloom,Grass,Poison,395,60,65,70,85,75,40,1,FALSE
40,Vileplume,Grass,Poison,490,75,80,85,110,90,50,1,FALSE
41,Paras,Bug,Grass,285,35,70,55,45,55,25,1,FALSE
42,Parasect,Bug,Grass,405,60,95,80,60,80,30,1,FALSE
43,Venonat,Bug,Poison,305,60,55,50,40,55,45,1,FALSE
44,Venomoth,Bug,Poison,450,70,65,60,90,75,90,1,FALSE
45,Diglett,Ground,<UNK>,265,10,55,25,35,45,95,1,FALSE
46,Dugtrio,Ground,<UNK>,405,35,80,50,50,70,120,1,FALSE
47,Meowth,Normal,<UNK>,290,40,45,35,40,40,90,1,FALSE
48,Persian,Normal,<UNK>,440,65,70,60,65,65,115,1,FALSE
49,Psyduck,Water,<UNK>,320,50,52,48,65,50,55,1,FALSE
50,Golduck,Water,<UNK>,500,80,82,78,95,80,85,1,FALSE
51,Mankey,Fighting,<UNK>,305,40,80,35,35,45,70,1,FALSE
52,Primeape,Fighting,<UNK>,455,65,105,60,60,70,95,1,FALSE
53,Growlithe,Fire,<UNK>,350,55,70,45,70,50,60,1,FALSE
54,Arcanine,Fire,<UNK>,555,90,110,80,100,80,95,1,FALSE
55,Poliwag,Water,<UNK>,300,40,50,40,40,40,90,1,FALSE
56,Poliwhirl,Water,<UNK>,385,65,65,65,50,50,90,1,FALSE
57,Poliwrath,Water,Fighting,510,90,95,95,70,90,70,1,FALSE
58,Abra,Psychic,<UNK>,310,25,20,15,105,55,90,1,FALSE
59,Kadabra,Psychic,<UNK>,400,40,35,30,120,70,105,1,FALSE
60,Alakazam,Psychic,<UNK>,500,55,50,45,135,95,120,1,FALSE
61,AlakazamMega Alakazam,Psychic,<UNK>,590,55,50,65,175,95,150,1,FALSE
62,Machop,Fighting,<UNK>,305,70,80,50,35,35,35,1,FALSE
63,Machoke,Fighting,<UNK>,405,80,100,70,50,60,45,1,FALSE
64,Machamp,Fighting,<UNK>,505,90,130,80,65,85,55,1,FALSE
65,Bellsprout,Grass,Poison,300,50,75,35,70,30,40,1,FALSE
65-mega,Weepinbell,Grass,Poison,390,65,90,50,85,45,55,1,FALSE
66,Victreebel,Grass,Poison,490,80,105,65,100,70,70,1,FALSE
67,Tentacool,Water,Poison,335,40,40,35,50,100,70,1,FALSE
68,Tentacruel,Water,Poison,515,80,70,65,80,120,100,1,FALSE
69,Geodude,Rock,Ground,300,40,80,100,30,30,20,1,FALSE
70,Graveler,Rock,Ground,390,55,95,115,45,45,35,1,FALSE
71,Golem,Rock,Ground,495,80,120,130,55,65,45,1,FALSE
72,Ponyta,Fire,<UNK>,410,50,85,55,65,65,90,1,FALSE
73,Rapidash,Fire,<UNK>,500,65,100,70,80,80,105,1,FALSE
74,Slowpoke,Water,Psychic,315,90,65,65,40,40,15,1,FALSE
75,Slowbro,Water,Psychic,490,95,75,110,100,80,30,1,FALSE
76,SlowbroMega Slowbro,Water,Psychic,590,95,75,180,130,80,30,1,FALSE
77,Magnemite,Electric,Steel,325,25,35,70,95,55,45,1,FALSE
78,Magneton,Electric,Steel,465,50,60,95,120,70,70,1,FALSE
79,Farfetch'd,Normal,Flying,352,52,65,55,58,62,60,1,FALSE
80-mega,Doduo,Normal,Flying,310,35,85,45,35,35,75,1,FALSE
80,Dodrio,Normal,Flying,460,60,110,70,60,60,100,1,FALSE
81,Seel,Water,<UNK>,325,65,45,55,45,70,45,1,FALSE
82,Dewgong,Water,Ice,475,90,70,80,70,95,70,1,FALSE
83,Grimer,Poison,<UNK>,325,80,80,50,40,50,25,1,FALSE
84,Muk,Poison,<UNK>,500,105,105,75,65,100,50,1,FALSE
85,Shellder,Water,<UNK>,305,30,65,100,45,25,40,1,FALSE
86,Cloyster,Water,Ice,525,50,95,180,85,45,70,1,FALSE
87,Gastly,Ghost,Poison,310,30,35,30,100,35,80,1,FALSE
88,Haunter,Ghost,Poison,405,45,50,45,115,55,95,1,FALSE
89,Gengar,Ghost,Poison,500,60,65,60,130,75,110,1,FALSE
90,GengarMega Gengar,Ghost,Poison,600,60,65,80,170,95,130,1,FALSE
91,Onix,Rock,Ground,385,35,45,160,30,45,70,1,FALSE
92,Drowzee,Psychic,<UNK>,328,60,48,45,43,90,42,1,FALSE
93,Hypno,Psychic,<UNK>,483,85,73,70,73,115,67,1,FALSE
94-mega,Krabby,Water,<UNK>,325,30,105,90,25,25,50,1,FALSE
94,Kingler,Water,<UNK>,475,55,130,115,50,50,75,1,FALSE
95,Voltorb,Electric,<UNK>,330,40,30,50,55,55,100,1,FALSE
96,Electrode,Electric,<UNK>,480,60,50,70,80,80,140,1,FALSE
97,Exeggcute,Grass,Psychic,325,60,40,80,60,45,40,1,FALSE
98,Exeggutor,Grass,Psychic,520,95,95,85,125,65,55,1,FALSE
99,Cubone,Ground,<UNK>,320,50,50,95,40,50,35,1,FALSE
100,Marowak,Ground,<UNK>,425,60,80,110,50,80,45,1,FALSE
101,Hitmonlee,Fighting,<UNK>,455,50,120,53,35,110,87,1,FALSE
102,Hitmonchan,Fighting,<UNK>,455,50,105,79,35,110,76,1,FALSE
103,Lickitung,Normal,<UNK>,385,90,55,75,60,75,30,1,FALSE
104,Koffing,Poison,<UNK>,340,40,65,95,60,45,35,1,FALSE
105,Weezing,Poison,<UNK>,490,65,90,120,85,70,60,1,FALSE
106,Rhyhorn,Ground,Rock,345,80,85,95,30,30,25,1,FALSE
107,Rhydon,Ground,Rock,485,105,130,120,45,45,40,1,FALSE
108,Chansey,Normal,<UNK>,450,250,5,5,35,105,50,1,FALSE
109,Tangela,Grass,<UNK>,435,65,55,115,100,40,60,1,FALSE
110,Kangaskhan,Normal,<UNK>,490,105,95,80,40,80,90,1,FALSE
111,KangaskhanMega Kangaskhan,Normal,<UNK>,590,105,125,100,60,100,100,1,FALSE
112,Horsea,Water,<UNK>,295,30,40,70,70,25,60,1,FALSE
113,Seadra,Water,<UNK>,440,55,65,95,95,45,85,1,FALSE
114,Goldeen,Water,<UNK>,320,45,67,60,35,50,63,1,FALSE
115,Seaking,Water,<UNK>,450,80,92,65,65,80,68,1,FALSE
115-mega,Staryu,Water,<UNK>,340,30,45,55,70,55,85,1,FALSE
116,Starmie,Water,Psychic,520,60,75,85,100,85,115,1,FALSE
117,Mr. Mime,Psychic,Fairy,460,40,45,65,100,120,90,1,FALSE
118,Scyther,Bug,Flying,500,70,110,80,55,80,105,1,FALSE
119,Jynx,Ice,Psychic,455,65,50,35,115,95,95,1,FALSE
120,Electabuzz,Electric,<UNK>,490,65,83,57,95,85,105,1,FALSE
121,Magmar,Fire,<UNK>,495,65,95,57,100,85,93,1,FALSE
122,Pinsir,Bug,<UNK>,500,65,125,100,55,70,85,1,FALSE
123,PinsirMega Pinsir,Bug,Flying,600,65,155,120,65,90,105,1,FALSE
124,Tauros,Normal,<UNK>,490,75,100,95,40,70,110,1,FALSE
125,Magikarp,Water,<UNK>,200,20,10,55,15,20,80,1,FALSE
126,Gyarados,Water,Flying,540,95,125,79,60,100,81,1,FALSE
127-mega,GyaradosMega Gyarados,Water,Dark,640,95,155,109,70,130,81,1,FALSE
127,Lapras,Water,Ice,535,130,85,80,85,95,60,1,FALSE
128,Ditto,Normal,<UNK>,288,48,48,48,48,48,48,1,FALSE
129,Eevee,Normal,<UNK>,325,55,55,50,45,65,55,1,FALSE
130-mega,Vaporeon,Water,<UNK>,525,130,65,60,110,95,65,1,FALSE
130,Jolteon,Electric,<UNK>,525,65,65,60,110,95,130,1,FALSE
131,Flareon,Fire,<UNK>,525,65,130,60,95,110,65,1,FALSE
132,Porygon,Normal,<UNK>,395,65,60,70,85,75,40,1,FALSE
133,Omanyte,Rock,Water,355,35,40,100,90,55,35,1,FALSE
134,Omastar,Rock,Water,495,70,60,125,115,70,55,1,FALSE
135,Kabuto,Rock,Water,355,30,80,90,55,45,55,1,FALSE
136,Kabutops,Rock,Water,495,60,115,105,65,70,80,1,FALSE
137,Aerodactyl,Rock,Flying,515,80,105,65,60,75,130,1,FALSE
138,AerodactylMega Aerodactyl,Rock,Flying,615,80,135,85,70,95,150,1,FALSE
139,Snorlax,Normal,<UNK>,540,160,110,65,65,110,30,1,FALSE
140,Articuno,Ice,Flying,580,90,85,100,95,125,85,1,TRUE
141,Zapdos,Electric,Flying,580,90,90,85,125,90,100,1,TRUE
142,Moltres,Fire,Flying,580,90,100,90,125,85,90,1,TRUE
142-mega,Dratini,Dragon,<UNK>,300,41,64,45,50,50,50,1,FALSE
143,Dragonair,Dragon,<UNK>,420,61,84,65,70,70,70,1,FALSE
144,Dragonite,Dragon,Flying,600,91,134,95,100,100,80,1,FALSE
145,Mewtwo,Psychic,<UNK>,680,106,110,90,154,90,130,1,TRUE
146,MewtwoMega Mewtwo X,Psychic,Fighting,780,106,190,100,154,100,130,1,TRUE
147,MewtwoMega Mewtwo Y,Psychic,<UNK>,780,106,150,70,194,120,140,1,TRUE
148,Mew,Psychic,<UNK>,600,100,100,100,100,100,100,1,FALSE
149,Chikorita,Grass,<UNK>,318,45,49,65,49,65,45,2,FALSE
150-mega-y,Bayleef,Grass,<UNK>,405,60,62,80,63,80,60,2,FALSE
150-mega-x,Meganium,Grass,<UNK>,525,80,82,100,83,100,80,2,FALSE
150,Cyndaquil,Fire,<UNK>,309,39,52,43,60,50,65,2,FALSE
151,Quilava,Fire,<UNK>,405,58,64,58,80,65,80,2,FALSE
152,Typhlosion,Fire,<UNK>,534,78,84,78,109,85,100,2,FALSE
153,Totodile,Water,<UNK>,314,50,65,64,44,48,43,2,FALSE
154,Croconaw,Water,<UNK>,405,65,80,80,59,63,58,2,FALSE
155,Feraligatr,Water,<UNK>,530,85,105,100,79,83,78,2,FALSE
156,Sentret,Normal,<UNK>,215,35,46,34,35,45,20,2,FALSE
157,Furret,Normal,<UNK>,415,85,76,64,45,55,90,2,FALSE
158,Hoothoot,Normal,Flying,262,60,30,30,36,56,50,2,FALSE
159,Noctowl,Normal,Flying,442,100,50,50,76,96,70,2,FALSE
160,Ledyba,Bug,Flying,265,40,20,30,40,80,55,2,FALSE
161,Ledian,Bug,Flying,390,55,35,50,55,110,85,2,FALSE
162,Spinarak,Bug,Poison,250,40,60,40,40,40,30,2,FALSE
163,Ariados,Bug,Poison,390,70,90,70,60,60,40,2,FALSE
164,Crobat,Poison,Flying,535,85,90,80,70,80,130,2,FALSE
165,Chinchou,Water,Electric,330,75,38,38,56,56,67,2,FALSE
166,Lanturn,Water,Electric,460,125,58,58,76,76,67,2,FALSE
167,Pichu,Electric,<UNK>,205,20,40,15,35,35,60,2,FALSE
168,Cleffa,Fairy,<UNK>,218,50,25,28,45,55,15,2,FALSE
169,Igglybuff,Normal,Fairy,210,90,30,15,40,20,15,2,FALSE
170,Togepi,Fairy,<UNK>,245,35,20,65,40,65,20,2,FALSE
171,Togetic,Fairy,Flying,405,55,40,85,80,105,40,2,FALSE
172,Natu,Psychic,Flying,320,40,50,45,70,45,70,2,FALSE
173,Xatu,Psychic,Flying,470,65,75,70,95,70,95,2,FALSE
174,Mareep,Electric,<UNK>,280,55,40,40,65,45,35,2,FALSE
175,Flaaffy,Electric,<UNK>,365,70,55,55,80,60,45,2,FALSE
176,Ampharos,Electric,<UNK>,510,90,75,85,115,90,55,2,FALSE
177,AmpharosMega Ampharos,Electric,Dragon,610,90,95,105,165,110,45,2,FALSE
178,Bellossom,Grass,<UNK>,490,75,80,95,90,100,50,2,FALSE
179,Marill,Water,Fairy,250,70,20,50,20,50,40,2,FALSE
180,Azumarill,Water,Fairy,420,100,50,80,60,80,50,2,FALSE
181-mega,Sudowoodo,Rock,<UNK>,410,70,100,115,30,65,30,2,FALSE
181,Politoed,Water,<UNK>,500,90,75,75,90,100,70,2,FALSE
182,Hoppip,Grass,Flying,250,35,35,40,35,55,50,2,FALSE
183,Skiploom,Grass,Flying,340,55,45,50,45,65,80,2,FALSE
184,Jumpluff,Grass,Flying,460,75,55,70,55,95,110,2,FALSE
185,Aipom,Normal,<UNK>,360,55,70,55,40,55,85,2,FALSE
186,Sunkern,Grass,<UNK>,180,30,30,30,30,30,30,2,FALSE
187,Sunflora,Grass,<UNK>,425,75,75,55,105,85,30,2,FALSE
188,Yanma,Bug,Flying,390,65,65,45,75,45,95,2,FALSE
189,Wooper,Water,Ground,210,55,45,45,25,25,15,2,FALSE
190,Quagsire,Water,Ground,430,95,85,85,65,65,35,2,FALSE
191,Espeon,Psychic,<UNK>,525,65,65,60,130,95,110,2,FALSE
192,Umbreon,Dark,<UNK>,525,95,65,110,60,130,65,2,FALSE
193,Murkrow,Dark,Flying,405,60,85,42,85,42,91,2,FALSE
194,Slowking,Water,Psychic,490,95,75,80,100,110,30,2,FALSE
195,Misdreavus,Ghost,<UNK>,435,60,60,60,85,85,85,2,FALSE
196,Unown,Psychic,<UNK>,336,48,72,48,72,48,48,2,FALSE
197,Wobbuffet,Psychic,<UNK>,405,190,33,58,33,58,33,2,FALSE
198,Girafarig,Normal,Psychic,455,70,80,65,90,65,85,2,FALSE
199,Pineco,Bug,<UNK>,290,50,65,90,35,35,15,2,FALSE
200,Forretress,Bug,Steel,465,75,90,140,60,60,40,2,FALSE
201-f,Dunsparce,Normal,<UNK>,415,100,70,70,65,65,45,2,FALSE
202,Gligar,Ground,Flying,430,65,75,105,35,65,85,2,FALSE
203,Steelix,Steel,Ground,510,75,85,200,55,65,30,2,FALSE
204,SteelixMega Steelix,Steel,Ground,610,75,125,230,55,95,30,2,FALSE
205,Snubbull,Fairy,<UNK>,300,60,80,50,40,40,30,2,FALSE
206,Granbull,Fairy,<UNK>,450,90,120,75,60,60,45,2,FALSE
207,Qwilfish,Water,Poison,430,65,95,75,55,55,85,2,FALSE
208-mega,Scizor,Bug,Steel,500,70,130,100,55,80,65,2,FALSE
208,ScizorMega Scizor,Bug,Steel,600,70,150,140,65,100,75,2,FALSE
209,Shuckle,Bug,Rock,505,20,10,230,10,230,5,2,FALSE
210,Heracross,Bug,Fighting,500,80,125,75,40,95,85,2,FALSE
211,HeracrossMega Heracross,Bug,Fighting,600,80,185,115,40,105,75,2,FALSE
212,Sneasel,Dark,Ice,430,55,95,55,35,75,115,2,FALSE
212-mega,Teddiursa,Normal,<UNK>,330,60,80,50,50,50,40,2,FALSE
213,Ursaring,Normal,<UNK>,500,90,130,75,75,75,55,2,FALSE
214,Slugma,Fire,<UNK>,250,40,40,40,70,40,20,2,FALSE
214-mega,Magcargo,Fire,Rock,410,50,50,120,80,80,30,2,FALSE
215,Swinub,Ice,Ground,250,50,50,40,30,30,50,2,FALSE
216,Piloswine,Ice,Ground,450,100,100,80,60,60,50,2,FALSE
217,Corsola,Water,Rock,380,55,55,85,65,85,35,2,FALSE
218,Remoraid,Water,<UNK>,300,35,65,35,65,35,65,2,FALSE
219,Octillery,Water,<UNK>,480,75,105,75,105,75,45,2,FALSE
220,Delibird,Ice,Flying,330,45,55,45,65,45,75,2,FALSE
221,Mantine,Water,Flying,465,65,40,70,80,140,70,2,FALSE
222,Skarmory,Steel,Flying,465,65,80,140,40,70,70,2,FALSE
223,Houndour,Dark,Fire,330,45,60,30,80,50,65,2,FALSE
224,Houndoom,Dark,Fire,500,75,90,50,110,80,95,2,FALSE
225,HoundoomMega Houndoom,Dark,Fire,600,75,90,90,140,90,115,2,FALSE
226,Kingdra,Water,Dragon,540,75,95,95,95,95,85,2,FALSE
227,Phanpy,Ground,<UNK>,330,90,60,60,40,40,40,2,FALSE
228,Donphan,Ground,<UNK>,500,90,120,120,60,60,50,2,FALSE
229,Porygon2,Normal,<UNK>,515,85,80,90,105,95,60,2,FALSE
229-mega,Stantler,Normal,<UNK>,465,73,95,62,85,65,85,2,FALSE
230,Smeargle,Normal,<UNK>,250,55,20,35,20,45,75,2,FALSE
231,Tyrogue,Fighting,<UNK>,210,35,35,35,35,35,35,2,FALSE
232,Hitmontop,Fighting,<UNK>,455,50,95,95,35,110,70,2,FALSE
233,Smoochum,Ice,Psychic,305,45,30,15,85,65,65,2,FALSE
234,Elekid,Electric,<UNK>,360,45,63,37,65,55,95,2,FALSE
235,Magby,Fire,<UNK>,365,45,75,37,70,55,83,2,FALSE
236,Miltank,Normal,<UNK>,490,95,80,105,40,70,100,2,FALSE
237,Blissey,Normal,<UNK>,540,255,10,10,75,135,55,2,FALSE
238,Raikou,Electric,<UNK>,580,90,85,75,115,100,115,2,TRUE
239,Entei,Fire,<UNK>,580,115,115,85,90,75,100,2,TRUE
240,Suicune,Water,<UNK>,580,100,75,115,90,115,85,2,TRUE
241,Larvitar,Rock,Ground,300,50,64,50,45,50,41,2,FALSE
242,Pupitar,Rock,Ground,410,70,84,70,65,70,51,2,FALSE
243,Tyranitar,Rock,Dark,600,100,134,110,95,100,61,2,FALSE
244,TyranitarMega Tyranitar,Rock,Dark,700,100,164,150,95,120,71,2,FALSE
245,Lugia,Psychic,Flying,680,106,90,130,90,154,110,2,TRUE
246,Ho-oh,Fire,Flying,680,106,130,90,110,154,90,2,TRUE
247,Celebi,Psychic,Grass,600,100,100,100,100,100,100,2,FALSE
248-mega,Treecko,Grass,<UNK>,310,40,45,35,65,55,70,3,FALSE
248,Grovyle,Grass,<UNK>,405,50,65,45,85,65,95,3,FALSE
249,Sceptile,Grass,<UNK>,530,70,85,65,105,85,120,3,FALSE
250,SceptileMega Sceptile,Grass,Dragon,630,70,110,75,145,85,145,3,FALSE
251,Torchic,Fire,<UNK>,310,45,60,40,70,50,45,3,FALSE
252,Combusken,Fire,Fighting,405,60,85,60,85,60,55,3,FALSE
253,Blaziken,Fire,Fighting,530,80,120,70,110,70,80,3,FALSE
254-mega,BlazikenMega Blaziken,Fire,Fighting,630,80,160,80,130,80,100,3,FALSE
254,Mudkip,Water,<UNK>,310,50,70,50,50,50,40,3,FALSE
255,Marshtomp,Water,Ground,405,70,85,70,60,70,50,3,FALSE
256,Swampert,Water,Ground,535,100,110,90,85,90,60,3,FALSE
257-mega,SwampertMega Swampert,Water,Ground,635,100,150,110,95,110,70,3,FALSE
257,Poochyena,Dark,<UNK>,220,35,55,35,30,30,35,3,FALSE
258,Mightyena,Dark,<UNK>,420,70,90,70,60,60,70,3,FALSE
259,Zigzagoon,Normal,<UNK>,240,38,30,41,30,41,60,3,FALSE
260-mega,Linoone,Normal,<UNK>,420,78,70,61,50,61,100,3,FALSE
260,Wurmple,Bug,<UNK>,195,45,45,35,20,30,20,3,FALSE
261,Silcoon,Bug,<UNK>,205,50,35,55,25,25,15,3,FALSE
262,Beautifly,Bug,Flying,395,60,70,50,100,50,65,3,FALSE
263,Cascoon,Bug,<UNK>,205,50,35,55,25,25,15,3,FALSE
264,Dustox,Bug,Poison,385,60,50,70,50,90,65,3,FALSE
265,Lotad,Water,Grass,220,40,30,30,40,50,30,3,FALSE
266,Lombre,Water,Grass,340,60,50,50,60,70,50,3,FALSE
267,Ludicolo,Water,Grass,480,80,70,70,90,100,70,3,FALSE
268,Seedot,Grass,<UNK>,220,40,40,50,30,30,30,3,FALSE
269,Nuzleaf,Grass,Dark,340,70,70,40,60,40,60,3,FALSE
270,Shiftry,Grass,Dark,480,90,100,60,90,60,80,3,FALSE
271,Taillow,Normal,Flying,270,40,55,30,30,30,85,3,FALSE
272,Swellow,Normal,Flying,430,60,85,60,50,50,125,3,FALSE
273,Wingull,Water,Flying,270,40,30,30,55,30,85,3,FALSE
274,Pelipper,Water,Flying,430,60,50,100,85,70,65,3,FALSE
275,Ralts,Psychic,Fairy,198,28,25,25,45,35,40,3,FALSE
276,Kirlia,Psychic,Fairy,278,38,35,35,65,55,50,3,FALSE
277,Gardevoir,Psychic,Fairy,518,68,65,65,125,115,80,3,FALSE
278,GardevoirMega Gardevoir,Psychic,Fairy,618,68,85,65,165,135,100,3,FALSE
279,Surskit,Bug,Water,269,40,30,32,50,52,65,3,FALSE
280,Masquerain,Bug,Flying,414,70,60,62,80,82,60,3,FALSE
281,Shroomish,Grass,<UNK>,295,60,40,60,40,60,35,3,FALSE
282-mega,Breloom,Grass,Fighting,460,60,130,80,60,60,70,3,FALSE
282,Slakoth,Normal,<UNK>,280,60,60,60,35,35,30,3,FALSE
283,Vigoroth,Normal,<UNK>,440,80,80,80,55,55,90,3,FALSE
284,Slaking,Normal,<UNK>,670,150,160,100,95,65,100,3,FALSE
285,Nincada,Bug,Ground,266,31,45,90,30,30,40,3,FALSE
286,Ninjask,Bug,Flying,456,61,90,45,50,50,160,3,FALSE
287,Shedinja,Bug,Ghost,236,1,90,45,30,30,40,3,FALSE
288,Whismur,Normal,<UNK>,240,64,51,23,51,23,28,3,FALSE
289,Loudred,Normal,<UNK>,360,84,71,43,71,43,48,3,FALSE
290,Exploud,Normal,<UNK>,490,104,91,63,91,73,68,3,FALSE
291,Makuhita,Fighting,<UNK>,237,72,60,30,20,30,25,3,FALSE
292,Hariyama,Fighting,<UNK>,474,144,120,60,40,60,50,3,FALSE
293,Azurill,Normal,Fairy,190,50,20,40,20,40,20,3,FALSE
294,Nosepass,Rock,<UNK>,375,30,45,135,45,90,30,3,FALSE
295,Skitty,Normal,<UNK>,260,50,45,45,35,35,50,3,FALSE
296,Delcatty,Normal,<UNK>,380,70,65,65,55,55,70,3,FALSE
297,Sableye,Dark,Ghost,380,50,75,75,65,65,50,3,FALSE
298,SableyeMega Sableye,Dark,Ghost,480,50,85,125,85,115,20,3,FALSE
299,Mawile,Steel,Fairy,380,50,85,85,55,55,50,3,FALSE
300,MawileMega Mawile,Steel,Fairy,480,50,105,125,55,95,50,3,FALSE
301,Aron,Steel,Rock,330,50,70,100,40,40,30,3,FALSE
302-mega,Lairon,Steel,Rock,430,60,90,140,50,50,40,3,FALSE
302,Aggron,Steel,Rock,530,70,110,180,60,60,50,3,FALSE
303-mega,AggronMega Aggron,Steel,<UNK>,630,70,140,230,60,80,50,3,FALSE
303,Meditite,Fighting,Psychic,280,30,40,55,40,55,60,3,FALSE
304,Medicham,Fighting,Psychic,410,60,60,75,60,75,80,3,FALSE
305,MedichamMega Medicham,Fighting,Psychic,510,60,100,85,80,85,100,3,FALSE
306,Electrike,Electric,<UNK>,295,40,45,40,65,40,65,3,FALSE
306-mega,Manectric,Electric,<UNK>,475,70,75,60,105,60,105,3,FALSE
307,ManectricMega Manectric,Electric,<UNK>,575,70,75,80,135,80,135,3,FALSE
308-mega,Plusle,Electric,<UNK>,405,60,50,40,85,75,95,3,FALSE
308,Minun,Electric,<UNK>,405,60,40,50,75,85,95,3,FALSE
309,Volbeat,Bug,<UNK>,400,65,73,55,47,75,85,3,FALSE
310,Illumise,Bug,<UNK>,400,65,47,55,73,75,85,3,FALSE
310-mega,Roselia,Grass,Poison,400,50,60,45,100,80,65,3,FALSE
311,Gulpin,Poison,<UNK>,302,70,43,53,43,53,40,3,FALSE
312,Swalot,Poison,<UNK>,467,100,73,83,73,83,55,3,FALSE
313,Carvanha,Water,Dark,305,45,90,20,65,20,65,3,FALSE
314,Sharpedo,Water,Dark,460,70,120,40,95,40,95,3,FALSE
315,SharpedoMega Sharpedo,Water,Dark,560,70,140,70,110,65,105,3,FALSE
316,Wailmer,Water,<UNK>,400,130,70,35,70,35,60,3,FALSE
317,Wailord,Water,<UNK>,500,170,90,45,90,45,60,3,FALSE
318,Numel,Fire,Ground,305,60,60,40,65,45,35,3,FALSE
319-mega,Camerupt,Fire,Ground,460,70,100,70,105,75,40,3,FALSE
319,CameruptMega Camerupt,Fire,Ground,560,70,120,100,145,105,20,3,FALSE
320,Torkoal,Fire,<UNK>,470,70,85,140,85,70,20,3,FALSE
321,Spoink,Psychic,<UNK>,330,60,25,35,70,80,60,3,FALSE
322,Grumpig,Psychic,<UNK>,470,80,45,65,90,110,80,3,FALSE
323,Spinda,Normal,<UNK>,360,60,60,60,60,60,60,3,FALSE
323-mega,Trapinch,Ground,<UNK>,290,45,100,45,45,45,10,3,FALSE
324,Vibrava,Ground,Dragon,340,50,70,50,50,50,70,3,FALSE
325,Flygon,Ground,Dragon,520,80,100,80,80,80,100,3,FALSE
326,Cacnea,Grass,<UNK>,335,50,85,40,85,40,35,3,FALSE
327,Cacturne,Grass,Dark,475,70,115,60,115,60,55,3,FALSE
328,Swablu,Normal,Flying,310,45,40,60,40,75,50,3,FALSE
329,Altaria,Dragon,Flying,490,75,70,90,70,105,80,3,FALSE
330,AltariaMega Altaria,Dragon,Fairy,590,75,110,110,110,105,80,3,FALSE
331,Zangoose,Normal,<UNK>,458,73,115,60,60,60,90,3,FALSE
332,Seviper,Poison,<UNK>,458,73,100,60,100,60,65,3,FALSE
333,Lunatone,Rock,Psychic,440,70,55,65,95,85,70,3,FALSE
334,Solrock,Rock,Psychic,440,70,95,85,55,65,70,3,FALSE
334-mega,Barboach,Water,Ground,288,50,48,43,46,41,60,3,FALSE
335,Whiscash,Water,Ground,468,110,78,73,76,71,60,3,FALSE
336,Corphish,Water,<UNK>,308,43,80,65,50,35,35,3,FALSE
337,Crawdaunt,Water,Dark,468,63,120,85,90,55,55,3,FALSE
338,Baltoy,Ground,Psychic,300,40,40,55,40,70,55,3,FALSE
339,Claydol,Ground,Psychic,500,60,70,105,70,120,75,3,FALSE
340,Lileep,Rock,Grass,355,66,41,77,61,87,23,3,FALSE
341,Cradily,Rock,Grass,495,86,81,97,81,107,43,3,FALSE
342,Anorith,Rock,Bug,355,45,95,50,40,50,75,3,FALSE
343,Armaldo,Rock,Bug,495,75,125,100,70,80,45,3,FALSE
344,Feebas,Water,<UNK>,200,20,15,20,10,55,80,3,FALSE
345,Milotic,Water,<UNK>,540,95,60,79,100,125,81,3,FALSE
346,Castform,Normal,<UNK>,420,70,70,70,70,70,70,3,FALSE
347,Kecleon,Normal,<UNK>,440,60,90,70,60,120,40,3,FALSE
348,Shuppet,Ghost,<UNK>,295,44,75,35,63,33,45,3,FALSE
349,Banette,Ghost,<UNK>,455,64,115,65,83,63,65,3,FALSE
350,BanetteMega Banette,Ghost,<UNK>,555,64,165,75,93,83,75,3,FALSE
351,Duskull,Ghost,<UNK>,295,20,40,90,30,90,25,3,FALSE
352,Dusclops,Ghost,<UNK>,455,40,70,130,60,130,25,3,FALSE
353,Tropius,Grass,Flying,460,99,68,83,72,87,51,3,FALSE
354-mega,Chimecho,Psychic,<UNK>,425,65,50,70,95,80,65,3,FALSE
354,Absol,Dark,<UNK>,465,65,130,60,75,60,75,3,FALSE
355,AbsolMega Absol,Dark,<UNK>,565,65,150,60,115,60,115,3,FALSE
356,Wynaut,Psychic,<UNK>,260,95,23,48,23,48,23,3,FALSE
357,Snorunt,Ice,<UNK>,300,50,50,50,50,50,50,3,FALSE
358,Glalie,Ice,<UNK>,480,80,80,80,80,80,80,3,FALSE
359,GlalieMega Glalie,Ice,<UNK>,580,80,120,80,120,80,100,3,FALSE
359-mega,Spheal,Ice,Water,290,70,40,50,55,50,25,3,FALSE
360,Sealeo,Ice,Water,410,90,60,70,75,70,45,3,FALSE
361,Walrein,Ice,Water,530,110,80,90,95,90,65,3,FALSE
362,Clamperl,Water,<UNK>,345,35,64,85,74,55,32,3,FALSE
362-mega,Huntail,Water,<UNK>,485,55,104,105,94,75,52,3,FALSE
363,Gorebyss,Water,<UNK>,485,55,84,105,114,75,52,3,FALSE
364,Relicanth,Water,Rock,485,100,90,130,45,65,55,3,FALSE
365,Luvdisc,Water,<UNK>,330,43,30,55,40,65,97,3,FALSE
366,Bagon,Dragon,<UNK>,300,45,75,60,40,30,50,3,FALSE
367,Shelgon,Dragon,<UNK>,420,65,95,100,60,50,50,3,FALSE
368,Salamence,Dragon,Flying,600,95,135,80,110,80,100,3,FALSE
369,SalamenceMega Salamence,Dragon,Flying,700,95,145,130,120,90,120,3,FALSE
370,Beldum,Steel,Psychic,300,40,55,80,35,60,30,3,FALSE
371,Metang,Steel,Psychic,420,60,75,100,55,80,50,3,FALSE
372,Metagross,Steel,Psychic,600,80,135,130,95,90,70,3,FALSE
373,MetagrossMega Metagross,Steel,Psychic,700,80,145,150,105,110,110,3,FALSE
373-mega,Regirock,Rock,<UNK>,580,80,100,200,50,100,50,3,TRUE
374,Regice,Ice,<UNK>,580,80,50,100,100,200,50,3,TRUE
375,Registeel,Steel,<UNK>,580,80,75,150,75,150,50,3,TRUE
376,Latias,Dragon,Psychic,600,80,80,90,110,130,110,3,TRUE
376-mega,LatiasMega Latias,Dragon,Psychic,700,80,100,120,140,150,110,3,TRUE
377,Latios,Dragon,Psychic,600,80,90,80,130,110,110,3,TRUE
378,LatiosMega Latios,Dragon,Psychic,700,80,130,100,160,120,110,3,TRUE
379,Kyogre,Water,<UNK>,670,100,100,90,150,140,90,3,TRUE
380-mega,KyogrePrimal Kyogre,Water,<UNK>,770,100,150,90,180,160,90,3,TRUE
380,Groudon,Ground,<UNK>,670,100,150,140,100,90,90,3,TRUE
381-mega,GroudonPrimal Groudon,Ground,Fire,770,100,180,160,150,90,90,3,TRUE
381,Rayquaza,Dragon,Flying,680,105,150,90,150,90,95,3,TRUE
382,RayquazaMega Rayquaza,Dragon,Flying,780,105,180,100,180,100,115,3,TRUE
382-primal,Jirachi,Steel,Psychic,600,100,100,100,100,100,100,3,TRUE
383-primal,DeoxysNormal Forme,Psychic,<UNK>,600,50,150,50,150,50,150,3,TRUE
383,DeoxysAttack Forme,Psychic,<UNK>,600,50,180,20,180,20,150,3,TRUE
384-mega,DeoxysDefense Forme,Psychic,<UNK>,600,50,70,160,70,160,90,3,TRUE
384,DeoxysSpeed Forme,Psychic,<UNK>,600,50,95,90,95,90,180,3,TRUE
385,Turtwig,Grass,<UNK>,318,55,68,64,45,55,31,4,FALSE
386-defense,Grotle,Grass,<UNK>,405,75,89,85,55,65,36,4,FALSE
386-speed,Torterra,Grass,Ground,525,95,109,105,75,85,56,4,FALSE
386-normal,Chimchar,Fire,<UNK>,309,44,58,44,58,44,61,4,FALSE
386-attack,Monferno,Fire,Fighting,405,64,78,52,78,52,81,4,FALSE
387,Infernape,Fire,Fighting,534,76,104,71,104,71,108,4,FALSE
388,Piplup,Water,<UNK>,314,53,51,53,61,56,40,4,FALSE
389,Prinplup,Water,<UNK>,405,64,66,68,81,76,50,4,FALSE
390,Empoleon,Water,Steel,530,84,86,88,111,101,60,4,FALSE
391,Starly,Normal,Flying,245,40,55,30,30,30,60,4,FALSE
392,Staravia,Normal,Flying,340,55,75,50,40,40,80,4,FALSE
393,Staraptor,Normal,Flying,485,85,120,70,50,60,100,4,FALSE
394,Bidoof,Normal,<UNK>,250,59,45,40,35,40,31,4,FALSE
395,Bibarel,Normal,Water,410,79,85,60,55,60,71,4,FALSE
396,Kricketot,Bug,<UNK>,194,37,25,41,25,41,25,4,FALSE
397,Kricketune,Bug,<UNK>,384,77,85,51,55,51,65,4,FALSE
398,Shinx,Electric,<UNK>,263,45,65,34,40,34,45,4,FALSE
399,Luxio,Electric,<UNK>,363,60,85,49,60,49,60,4,FALSE
400,Luxray,Electric,<UNK>,523,80,120,79,95,79,70,4,FALSE
401,Budew,Grass,Poison,280,40,30,35,50,70,55,4,FALSE
402,Roserade,Grass,Poison,515,60,70,65,125,105,90,4,FALSE
403,Cranidos,Rock,<UNK>,350,67,125,40,30,30,58,4,FALSE
404,Rampardos,Rock,<UNK>,495,97,165,60,65,50,58,4,FALSE
405,Shieldon,Rock,Steel,350,30,42,118,42,88,30,4,FALSE
406,Bastiodon,Rock,Steel,495,60,52,168,47,138,30,4,FALSE
407,Burmy,Bug,<UNK>,224,40,29,45,29,45,36,4,FALSE
408,WormadamPlant Cloak,Bug,Grass,424,60,59,85,79,105,36,4,FALSE
409,WormadamSandy Cloak,Bug,Ground,424,60,79,105,59,85,36,4,FALSE
410,WormadamTrash Cloak,Bug,Steel,424,60,69,95,69,95,36,4,FALSE
411,Mothim,Bug,Flying,424,70,94,50,94,50,66,4,FALSE
412-trash,Combee,Bug,Flying,244,30,30,42,30,42,70,4,FALSE
412-sandy,Vespiquen,Bug,Flying,474,70,80,102,80,102,40,4,FALSE
412-plant,Pachirisu,Electric,<UNK>,405,60,45,70,45,90,95,4,FALSE
413-trash,Buizel,Water,<UNK>,330,55,65,35,60,30,85,4,FALSE
413-sandy,Floatzel,Water,<UNK>,495,85,105,55,85,50,115,4,FALSE
413-plant,Cherubi,Grass,<UNK>,275,45,35,45,62,53,35,4,FALSE
414,Cherrim,Grass,<UNK>,450,70,60,70,87,78,85,4,FALSE
415,Shellos,Water,<UNK>,325,76,48,48,57,62,34,4,FALSE
416,Gastrodon,Water,Ground,475,111,83,68,92,82,39,4,FALSE
417,Ambipom,Normal,<UNK>,482,75,100,66,60,66,115,4,FALSE
418,Drifloon,Ghost,Flying,348,90,50,34,60,44,70,4,FALSE
419,Drifblim,Ghost,Flying,498,150,80,44,90,54,80,4,FALSE
420,Buneary,Normal,<UNK>,350,55,66,44,44,56,85,4,FALSE
421-overcast,Lopunny,Normal,<UNK>,480,65,76,84,54,96,105,4,FALSE
421-sunshine,LopunnyMega Lopunny,Normal,Fighting,580,65,136,94,54,96,135,4,FALSE
422-east,Mismagius,Ghost,<UNK>,495,60,60,60,105,105,105,4,FALSE
422-west,Honchkrow,Dark,Flying,505,100,125,52,105,52,71,4,FALSE
423-east,Glameow,Normal,<UNK>,310,49,55,42,42,37,85,4,FALSE
423-west,Purugly,Normal,<UNK>,452,71,82,64,64,59,112,4,FALSE
424,Chingling,Psychic,<UNK>,285,45,30,50,65,50,45,4,FALSE
425,Stunky,Poison,Dark,329,63,63,47,41,41,74,4,FALSE
426,Skuntank,Poison,Dark,479,103,93,67,71,61,84,4,FALSE
427,Bronzor,Steel,Psychic,300,57,24,86,24,86,23,4,FALSE
428,Bronzong,Steel,Psychic,500,67,89,116,79,116,33,4,FALSE
428-mega,Bonsly,Rock,<UNK>,290,50,80,95,10,45,10,4,FALSE
429,Mime Jr.,Psychic,Fairy,310,20,25,45,70,90,60,4,FALSE
430,Happiny,Normal,<UNK>,220,100,5,5,15,65,30,4,FALSE
431,Chatot,Normal,Flying,411,76,65,45,92,42,91,4,FALSE
432,Spiritomb,Ghost,Dark,485,50,92,108,92,108,35,4,FALSE
433,Gible,Dragon,Ground,300,58,70,45,40,45,42,4,FALSE
434,Gabite,Dragon,Ground,410,68,90,65,50,55,82,4,FALSE
435,Garchomp,Dragon,Ground,600,108,130,95,80,85,102,4,FALSE
436,GarchompMega Garchomp,Dragon,Ground,700,108,170,115,120,95,92,4,FALSE
437,Munchlax,Normal,<UNK>,390,135,85,40,40,85,5,4,FALSE
438,Riolu,Fighting,<UNK>,285,40,70,40,35,40,60,4,FALSE
439,Lucario,Fighting,Steel,525,70,110,70,115,70,90,4,FALSE
440,LucarioMega Lucario,Fighting,Steel,625,70,145,88,140,70,112,4,FALSE
441,Hippopotas,Ground,<UNK>,330,68,72,78,38,42,32,4,FALSE
442,Hippowdon,Ground,<UNK>,525,108,112,118,68,72,47,4,FALSE
443,Skorupi,Poison,Bug,330,40,50,90,30,55,65,4,FALSE
444,Drapion,Poison,Dark,500,70,90,110,60,75,95,4,FALSE
445,Croagunk,Poison,Fighting,300,48,61,40,61,40,50,4,FALSE
445-mega,Toxicroak,Poison,Fighting,490,83,106,65,86,65,85,4,FALSE
446,Carnivine,Grass,<UNK>,454,74,100,72,90,72,46,4,FALSE
447,Finneon,Water,<UNK>,330,49,49,56,49,61,66,4,FALSE
448,Lumineon,Water,<UNK>,460,69,69,76,69,86,91,4,FALSE
448-mega,Mantyke,Water,Flying,345,45,20,50,60,120,50,4,FALSE
449,Snover,Grass,Ice,334,60,62,50,62,60,40,4,FALSE
450,Abomasnow,Grass,Ice,494,90,92,75,92,85,60,4,FALSE
451,AbomasnowMega Abomasnow,Grass,Ice,594,90,132,105,132,105,30,4,FALSE
452,Weavile,Dark,Ice,510,70,120,65,45,85,125,4,FALSE
453,Magnezone,Electric,Steel,535,70,70,115,130,90,60,4,FALSE
454,Lickilicky,Normal,<UNK>,515,110,85,95,80,95,50,4,FALSE
455,Rhyperior,Ground,Rock,535,115,140,130,55,55,40,4,FALSE
456,Tangrowth,Grass,<UNK>,535,100,100,125,110,50,50,4,FALSE
457,Electivire,Electric,<UNK>,540,75,123,67,95,85,95,4,FALSE
458,Magmortar,Fire,<UNK>,540,75,95,67,125,95,83,4,FALSE
459,Togekiss,Fairy,Flying,545,85,50,95,120,115,80,4,FALSE
460,Yanmega,Bug,Flying,515,86,76,86,116,56,95,4,FALSE
460-mega,Leafeon,Grass,<UNK>,525,65,110,130,60,65,95,4,FALSE
461,Glaceon,Ice,<UNK>,525,65,60,110,130,95,65,4,FALSE
462,Gliscor,Ground,Flying,510,75,95,125,45,75,95,4,FALSE
463,Mamoswine,Ice,Ground,530,110,130,80,70,60,80,4,FALSE
464,Porygon-Z,Normal,<UNK>,535,85,80,70,135,75,90,4,FALSE
465,Gallade,Psychic,Fighting,518,68,125,65,65,115,80,4,FALSE
466,GalladeMega Gallade,Psychic,Fighting,618,68,165,95,65,115,110,4,FALSE
467,Probopass,Rock,Steel,525,60,55,145,75,150,40,4,FALSE
468,Dusknoir,Ghost,<UNK>,525,45,100,135,65,135,45,4,FALSE
469,Froslass,Ice,Ghost,480,70,80,70,80,70,110,4,FALSE
470,Rotom,Electric,Ghost,440,50,50,77,95,77,91,4,FALSE
471,RotomHeat Rotom,Electric,Fire,520,50,65,107,105,107,86,4,FALSE
472,RotomWash Rotom,Electric,Water,520,50,65,107,105,107,86,4,FALSE
473,RotomFrost Rotom,Electric,Ice,520,50,65,107,105,107,86,4,FALSE
474,RotomFan Rotom,Electric,Flying,520,50,65,107,105,107,86,4,FALSE
475-mega,RotomMow Rotom,Electric,Grass,520,50,65,107,105,107,86,4,FALSE
475,Uxie,Psychic,<UNK>,580,75,75,130,75,130,95,4,TRUE
476,Mesprit,Psychic,<UNK>,580,80,105,105,105,105,80,4,TRUE
477,Azelf,Psychic,<UNK>,580,75,125,70,125,70,115,4,TRUE
478,Dialga,Steel,Dragon,680,100,120,120,150,100,90,4,TRUE
479-fan,Palkia,Water,Dragon,680,90,120,100,150,120,100,4,TRUE
479-frost,Heatran,Fire,Steel,600,91,90,106,130,106,77,4,TRUE
479-mow,Regigigas,Normal,<UNK>,670,110,160,110,80,110,100,4,TRUE
479,GiratinaAltered Forme,Ghost,Dragon,680,150,100,120,100,120,90,4,TRUE
479-heat,GiratinaOrigin Forme,Ghost,Dragon,680,150,120,100,120,100,90,4,TRUE
479-wash,Cresselia,Psychic,<UNK>,600,120,70,120,75,130,85,4,FALSE
480,Phione,Water,<UNK>,480,80,80,80,80,80,80,4,FALSE
481,Manaphy,Water,<UNK>,600,100,100,100,100,100,100,4,FALSE
482,Darkrai,Dark,<UNK>,600,70,90,90,135,90,125,4,TRUE
483,ShayminLand Forme,Grass,<UNK>,600,100,100,100,100,100,100,4,TRUE
484,ShayminSky Forme,Grass,Flying,600,100,103,75,120,75,127,4,TRUE
485,Arceus,Normal,<UNK>,720,120,120,120,120,120,120,4,TRUE
486,Victini,Psychic,Fire,600,100,100,100,100,100,100,5,TRUE
487-origin,Snivy,Grass,<UNK>,308,45,45,55,45,55,63,5,FALSE
487-altered,Servine,Grass,<UNK>,413,60,60,75,60,75,83,5,FALSE
488,Serperior,Grass,<UNK>,528,75,75,95,75,95,113,5,FALSE
489,Tepig,Fire,<UNK>,308,65,63,45,45,45,45,5,FALSE
490,Pignite,Fire,Fighting,418,90,93,55,70,55,55,5,FALSE
491,Emboar,Fire,Fighting,528,110,123,65,100,65,65,5,FALSE
492-sky,Oshawott,Water,<UNK>,308,55,55,45,63,45,45,5,FALSE
492-land,Dewott,Water,<UNK>,413,75,75,60,83,60,60,5,FALSE
493-normal,Samurott,Water,<UNK>,528,95,100,85,108,70,70,5,FALSE
494,Patrat,Normal,<UNK>,255,45,55,39,35,39,42,5,FALSE
495,Watchog,Normal,<UNK>,420,60,85,69,60,69,77,5,FALSE
496,Lillipup,Normal,<UNK>,275,45,60,45,25,45,55,5,FALSE
497,Herdier,Normal,<UNK>,370,65,80,65,35,65,60,5,FALSE
498,Stoutland,Normal,<UNK>,500,85,110,90,45,90,80,5,FALSE
499,Purrloin,Dark,<UNK>,281,41,50,37,50,37,66,5,FALSE
500,Liepard,Dark,<UNK>,446,64,88,50,88,50,106,5,FALSE
501,Pansage,Grass,<UNK>,316,50,53,48,53,48,64,5,FALSE
502,Simisage,Grass,<UNK>,498,75,98,63,98,63,101,5,FALSE
503,Pansear,Fire,<UNK>,316,50,53,48,53,48,64,5,FALSE
504,Simisear,Fire,<UNK>,498,75,98,63,98,63,101,5,FALSE
505,Panpour,Water,<UNK>,316,50,53,48,53,48,64,5,FALSE
506,Simipour,Water,<UNK>,498,75,98,63,98,63,101,5,FALSE
507,Munna,Psychic,<UNK>,292,76,25,45,67,55,24,5,FALSE
508,Musharna,Psychic,<UNK>,487,116,55,85,107,95,29,5,FALSE
509,Pidove,Normal,Flying,264,50,55,50,36,30,43,5,FALSE
510,Tranquill,Normal,Flying,358,62,77,62,50,42,65,5,FALSE
511,Unfezant,Normal,Flying,488,80,115,80,65,55,93,5,FALSE
512,Blitzle,Electric,<UNK>,295,45,60,32,50,32,76,5,FALSE
513,Zebstrika,Electric,<UNK>,497,75,100,63,80,63,116,5,FALSE
514,Roggenrola,Rock,<UNK>,280,55,75,85,25,25,15,5,FALSE
515,Boldore,Rock,<UNK>,390,70,105,105,50,40,20,5,FALSE
516,Gigalith,Rock,<UNK>,515,85,135,130,60,80,25,5,FALSE
517,Woobat,Psychic,Flying,313,55,45,43,55,43,72,5,FALSE
518,Swoobat,Psychic,Flying,425,67,57,55,77,55,114,5,FALSE
519,Drilbur,Ground,<UNK>,328,60,85,40,30,45,68,5,FALSE
520,Excadrill,Ground,Steel,508,110,135,60,50,65,88,5,FALSE
521,Audino,Normal,<UNK>,445,103,60,86,60,86,50,5,FALSE
521f,AudinoMega Audino,Normal,Fairy,545,103,60,126,80,126,50,5,FALSE
522,Timburr,Fighting,<UNK>,305,75,80,55,25,35,35,5,FALSE
523,Gurdurr,Fighting,<UNK>,405,85,105,85,40,50,40,5,FALSE
524,Conkeldurr,Fighting,<UNK>,505,105,140,95,55,65,45,5,FALSE
525,Tympole,Water,<UNK>,294,50,50,40,50,40,64,5,FALSE
526,Palpitoad,Water,Ground,384,75,65,55,65,55,69,5,FALSE
527,Seismitoad,Water,Ground,509,105,95,75,85,75,74,5,FALSE
528,Throh,Fighting,<UNK>,465,120,100,85,30,85,45,5,FALSE
529,Sawk,Fighting,<UNK>,465,75,125,75,30,75,85,5,FALSE
530,Sewaddle,Bug,Grass,310,45,53,70,40,60,42,5,FALSE
531,Swadloon,Bug,Grass,380,55,63,90,50,80,42,5,FALSE
531-mega,Leavanny,Bug,Grass,500,75,103,80,70,80,92,5,FALSE
532,Venipede,Bug,Poison,260,30,45,59,30,39,57,5,FALSE
533,Whirlipede,Bug,Poison,360,40,55,99,40,79,47,5,FALSE
534,Scolipede,Bug,Poison,485,60,100,89,55,69,112,5,FALSE
535,Cottonee,Grass,Fairy,280,40,27,60,37,50,66,5,FALSE
536,Whimsicott,Grass,Fairy,480,60,67,85,77,75,116,5,FALSE
537,Petilil,Grass,<UNK>,280,45,35,50,70,50,30,5,FALSE
538,Lilligant,Grass,<UNK>,480,70,60,75,110,75,90,5,FALSE
539,Basculin,Water,<UNK>,460,70,92,65,80,55,98,5,FALSE
540,Sandile,Ground,Dark,292,50,72,35,35,35,65,5,FALSE
541,Krokorok,Ground,Dark,351,60,82,45,45,45,74,5,FALSE
542,Krookodile,Ground,Dark,519,95,117,80,65,70,92,5,FALSE
543,Darumaka,Fire,<UNK>,315,70,90,45,15,45,50,5,FALSE
544,DarmanitanStandard Mode,Fire,<UNK>,480,105,140,55,30,55,95,5,FALSE
545,DarmanitanZen Mode,Fire,Psychic,540,105,30,105,140,105,55,5,FALSE
546,Maractus,Grass,<UNK>,461,75,86,67,106,67,60,5,FALSE
547,Dwebble,Bug,Rock,325,50,65,85,35,35,55,5,FALSE
548,Crustle,Bug,Rock,475,70,95,125,65,75,45,5,FALSE
549,Scraggy,Dark,Fighting,348,50,75,70,35,70,48,5,FALSE
550-blue-striped,Scrafty,Dark,Fighting,488,65,90,115,45,115,58,5,FALSE
550-red-striped,Sigilyph,Psychic,Flying,490,72,58,80,103,80,97,5,FALSE
551,Yamask,Ghost,<UNK>,303,38,30,85,55,65,30,5,FALSE
552,Cofagrigus,Ghost,<UNK>,483,58,50,145,95,105,30,5,FALSE
553,Tirtouga,Water,Rock,355,54,78,103,53,45,22,5,FALSE
554,Carracosta,Water,Rock,495,74,108,133,83,65,32,5,FALSE
555-standard,Archen,Rock,Flying,401,55,112,45,74,45,70,5,FALSE
556,Archeops,Rock,Flying,567,75,140,65,112,65,110,5,FALSE
557,Trubbish,Poison,<UNK>,329,50,50,62,40,62,65,5,FALSE
558,Garbodor,Poison,<UNK>,474,80,95,82,60,82,75,5,FALSE
559,Zorua,Dark,<UNK>,330,40,65,40,80,40,65,5,FALSE
560,Zoroark,Dark,<UNK>,510,60,105,60,120,60,105,5,FALSE
561,Minccino,Normal,<UNK>,300,55,50,40,40,40,75,5,FALSE
562,Cinccino,Normal,<UNK>,470,75,95,60,65,60,115,5,FALSE
563,Gothita,Psychic,<UNK>,290,45,30,50,55,65,45,5,FALSE
564,Gothorita,Psychic,<UNK>,390,60,45,70,75,85,55,5,FALSE
565,Gothitelle,Psychic,<UNK>,490,70,55,95,95,110,65,5,FALSE
566,Solosis,Psychic,<UNK>,290,45,30,40,105,50,20,5,FALSE
567,Duosion,Psychic,<UNK>,370,65,40,50,125,60,30,5,FALSE
568,Reuniclus,Psychic,<UNK>,490,110,65,75,125,85,30,5,FALSE
569,Ducklett,Water,Flying,305,62,44,50,44,50,55,5,FALSE
570,Swanna,Water,Flying,473,75,87,63,87,63,98,5,FALSE
571,Vanillite,Ice,<UNK>,305,36,50,50,65,60,44,5,FALSE
572,Vanillish,Ice,<UNK>,395,51,65,65,80,75,59,5,FALSE
573,Vanilluxe,Ice,<UNK>,535,71,95,85,110,95,79,5,FALSE
574,Deerling,Normal,Grass,335,60,60,50,40,50,75,5,FALSE
575,Sawsbuck,Normal,Grass,475,80,100,70,60,70,95,5,FALSE
576,Emolga,Electric,Flying,428,55,75,60,75,60,103,5,FALSE
577,Karrablast,Bug,<UNK>,315,50,75,45,40,45,60,5,FALSE
578,Escavalier,Bug,Steel,495,70,135,105,60,105,20,5,FALSE
579,Foongus,Grass,Poison,294,69,55,45,55,55,15,5,FALSE
580,Amoonguss,Grass,Poison,464,114,85,70,85,80,30,5,FALSE
581,Frillish,Water,Ghost,335,55,40,50,65,85,40,5,FALSE
582,Jellicent,Water,Ghost,480,100,60,70,85,105,60,5,FALSE
583,Alomomola,Water,<UNK>,470,165,75,80,40,45,65,5,FALSE
584,Joltik,Bug,Electric,319,50,47,50,57,50,65,5,FALSE
585-autumn,Galvantula,Bug,Electric,472,70,77,60,97,60,108,5,FALSE
585-summer,Ferroseed,Grass,Steel,305,44,50,91,24,86,10,5,FALSE
585-winter,Ferrothorn,Grass,Steel,489,74,94,131,54,116,20,5,FALSE
585-spring,Klink,Steel,<UNK>,300,40,55,70,45,60,30,5,FALSE
586-winter,Klang,Steel,<UNK>,440,60,80,95,70,85,50,5,FALSE
586-spring,Klinklang,Steel,<UNK>,520,60,100,115,70,85,90,5,FALSE
586-summer,Tynamo,Electric,<UNK>,275,35,55,40,45,40,60,5,FALSE
586-autumn,Eelektrik,Electric,<UNK>,405,65,85,70,75,70,40,5,FALSE
587,Eelektross,Electric,<UNK>,515,85,115,80,105,80,50,5,FALSE
588,Elgyem,Psychic,<UNK>,335,55,55,55,85,55,30,5,FALSE
589,Beheeyem,Psychic,<UNK>,485,75,75,75,125,95,40,5,FALSE
590,Litwick,Ghost,Fire,275,50,30,55,65,55,20,5,FALSE
591,Lampent,Ghost,Fire,370,60,40,60,95,60,55,5,FALSE
592f,Chandelure,Ghost,Fire,520,60,55,90,145,90,80,5,FALSE
592,Axew,Dragon,<UNK>,320,46,87,60,30,40,57,5,FALSE
593,Fraxure,Dragon,<UNK>,410,66,117,70,40,50,67,5,FALSE
593f,Haxorus,Dragon,<UNK>,540,76,147,90,60,70,97,5,FALSE
594,Cubchoo,Ice,<UNK>,305,55,70,40,60,40,40,5,FALSE
595,Beartic,Ice,<UNK>,485,95,110,80,70,80,50,5,FALSE
596,Cryogonal,Ice,<UNK>,485,70,50,30,95,135,105,5,FALSE
597,Shelmet,Bug,<UNK>,305,50,40,85,40,65,25,5,FALSE
598,Accelgor,Bug,<UNK>,495,80,70,40,100,60,145,5,FALSE
599,Stunfisk,Ground,Electric,471,109,66,84,81,99,32,5,FALSE
600,Mienfoo,Fighting,<UNK>,350,45,85,50,55,50,65,5,FALSE
601,Mienshao,Fighting,<UNK>,510,65,125,60,95,60,105,5,FALSE
602,Druddigon,Dragon,<UNK>,485,77,120,90,60,90,48,5,FALSE
603,Golett,Ground,Ghost,303,59,74,50,35,50,35,5,FALSE
604,Golurk,Ground,Ghost,483,89,124,80,55,80,55,5,FALSE
605,Pawniard,Dark,Steel,340,45,85,70,40,40,60,5,FALSE
606,Bisharp,Dark,Steel,490,65,125,100,60,70,70,5,FALSE
607,Bouffalant,Normal,<UNK>,490,95,110,95,40,95,55,5,FALSE
608,Rufflet,Normal,Flying,350,70,83,50,37,50,60,5,FALSE
609,Braviary,Normal,Flying,510,100,123,75,57,75,80,5,FALSE
610,Vullaby,Dark,Flying,370,70,55,75,45,65,60,5,FALSE
611,Mandibuzz,Dark,Flying,510,110,65,105,55,95,80,5,FALSE
612,Heatmor,Fire,<UNK>,484,85,97,66,105,66,65,5,FALSE
613,Durant,Bug,Steel,484,58,109,112,48,48,109,5,FALSE
614,Deino,Dark,Dragon,300,52,65,50,45,50,38,5,FALSE
615,Zweilous,Dark,Dragon,420,72,85,70,65,70,58,5,FALSE
616,Hydreigon,Dark,Dragon,600,92,105,90,125,90,98,5,FALSE
617,Larvesta,Bug,Fire,360,55,85,55,50,55,60,5,FALSE
618,Volcarona,Bug,Fire,550,85,60,65,135,105,100,5,FALSE
619,Cobalion,Steel,Fighting,580,91,90,129,90,72,108,5,TRUE
620,Terrakion,Rock,Fighting,580,91,129,90,72,90,108,5,TRUE
621,Virizion,Grass,Fighting,580,91,90,72,90,129,108,5,TRUE
622,TornadusIncarnate Forme,Flying,<UNK>,580,79,115,70,125,80,111,5,TRUE
623,TornadusTherian Forme,Flying,<UNK>,580,79,100,80,110,90,121,5,TRUE
624,ThundurusIncarnate Forme,Electric,Flying,580,79,115,70,125,80,111,5,TRUE
625,ThundurusTherian Forme,Electric,Flying,580,79,105,70,145,80,101,5,TRUE
626,Reshiram,Dragon,Fire,680,100,120,100,150,120,90,5,TRUE
627,Zekrom,Dragon,Electric,680,100,150,120,120,100,90,5,TRUE
628,LandorusIncarnate Forme,Ground,Flying,600,89,125,90,115,80,101,5,TRUE
629,LandorusTherian Forme,Ground,Flying,600,89,145,90,105,80,91,5,TRUE
630,Kyurem,Dragon,Ice,660,125,130,90,130,90,95,5,TRUE
631,KyuremBlack Kyurem,Dragon,Ice,700,125,170,100,120,90,95,5,TRUE
632,KyuremWhite Kyurem,Dragon,Ice,700,125,120,90,170,100,95,5,TRUE
633,KeldeoOrdinary Forme,Water,Fighting,580,91,72,90,129,90,108,5,FALSE
634,KeldeoResolute Forme,Water,Fighting,580,91,72,90,129,90,108,5,FALSE
635,MeloettaAria Forme,Normal,Psychic,600,100,77,77,128,128,90,5,FALSE
636,MeloettaPirouette Forme,Normal,Fighting,600,100,128,90,77,77,128,5,FALSE
637,Genesect,Bug,Steel,600,71,120,95,120,95,99,5,FALSE
638,Chespin,Grass,<UNK>,313,56,61,65,48,45,38,6,FALSE
639,Quilladin,Grass,<UNK>,405,61,78,95,56,58,57,6,FALSE
640,Chesnaught,Grass,Fighting,530,88,107,122,74,75,64,6,FALSE
641-incarnate,Fennekin,Fire,<UNK>,307,40,45,40,62,60,60,6,FALSE
641-therian,Braixen,Fire,<UNK>,409,59,59,58,90,70,73,6,FALSE
642-incarnate,Delphox,Fire,Psychic,534,75,69,72,114,100,104,6,FALSE
642-therian,Froakie,Water,<UNK>,314,41,56,40,62,44,71,6,FALSE
643,Frogadier,Water,<UNK>,405,54,63,52,83,56,97,6,FALSE
644,Greninja,Water,Dark,530,72,95,67,103,71,122,6,FALSE
645-incarnate,Bunnelby,Normal,<UNK>,237,38,36,38,32,36,57,6,FALSE
645-therian,Diggersby,Normal,Ground,423,85,56,77,50,77,78,6,FALSE
646-white,Fletchling,Normal,Flying,278,45,50,43,40,38,62,6,FALSE
646,Fletchinder,Fire,Flying,382,62,73,55,56,52,84,6,FALSE
646-black,Talonflame,Fire,Flying,499,78,81,71,74,69,126,6,FALSE
647-resolute,Scatterbug,Bug,<UNK>,200,38,35,40,27,25,35,6,FALSE
647-ordinary,Spewpa,Bug,<UNK>,213,45,22,60,27,30,29,6,FALSE
648,Vivillon,Bug,Flying,411,80,52,50,90,50,89,6,FALSE
648-pirouette,Litleo,Fire,Normal,369,62,50,58,73,54,72,6,FALSE
649,Pyroar,Fire,Normal,507,86,68,72,109,66,106,6,FALSE
650,Flabébé,Fairy,<UNK>,303,44,38,39,61,79,42,6,FALSE
651,Floette,Fairy,<UNK>,371,54,45,47,75,98,52,6,FALSE
652,Florges,Fairy,<UNK>,552,78,65,68,112,154,75,6,FALSE
653,Skiddo,Grass,<UNK>,350,66,65,48,62,57,52,6,FALSE
654,Gogoat,Grass,<UNK>,531,123,100,62,97,81,68,6,FALSE
655,Pancham,Fighting,<UNK>,348,67,82,62,46,48,43,6,FALSE
656,Pangoro,Fighting,Dark,495,95,124,78,69,71,58,6,FALSE
657,Furfrou,Normal,<UNK>,472,75,80,60,65,90,102,6,FALSE
658,Espurr,Psychic,<UNK>,355,62,48,54,63,60,68,6,FALSE
659,MeowsticMale,Psychic,<UNK>,466,74,48,76,83,81,104,6,FALSE
660,MeowsticFemale,Psychic,<UNK>,466,74,48,76,83,81,104,6,FALSE
661,Honedge,Steel,Ghost,325,45,80,100,35,37,28,6,FALSE
662,Doublade,Steel,Ghost,448,59,110,150,45,49,35,6,FALSE
663,AegislashBlade Forme,Steel,Ghost,520,60,150,50,150,50,60,6,FALSE
664,AegislashShield Forme,Steel,Ghost,520,60,50,150,50,150,60,6,FALSE
665,Spritzee,Fairy,<UNK>,341,78,52,60,63,65,23,6,FALSE
666,Aromatisse,Fairy,<UNK>,462,101,72,72,99,89,29,6,FALSE
666-elegant,Swirlix,Fairy,<UNK>,341,62,48,66,59,57,49,6,FALSE
667,Slurpuff,Fairy,<UNK>,480,82,80,86,85,75,72,6,FALSE
668f,Inkay,Dark,Psychic,288,53,54,53,37,46,45,6,FALSE
668,Malamar,Dark,Psychic,482,86,92,88,68,75,73,6,FALSE
669,Binacle,Rock,Water,306,42,52,67,39,56,50,6,FALSE
670,Barbaracle,Rock,Water,500,72,105,115,54,86,68,6,FALSE
671,Skrelp,Poison,Water,320,50,60,60,60,60,30,6,FALSE
672,Dragalge,Poison,Dragon,494,65,75,90,97,123,44,6,FALSE
673,Clauncher,Water,<UNK>,330,50,53,62,58,63,44,6,FALSE
674,Clawitzer,Water,<UNK>,500,71,73,88,120,89,59,6,FALSE
675,Helioptile,Electric,Normal,289,44,38,33,61,43,70,6,FALSE
676-diamond,Heliolisk,Electric,Normal,481,62,55,52,109,94,109,6,FALSE
676,Tyrunt,Rock,Dragon,362,58,89,77,45,45,48,6,FALSE
676-star,Tyrantrum,Rock,Dragon,521,82,121,119,69,59,71,6,FALSE
676-heart,Amaura,Rock,Ice,362,77,59,50,67,63,46,6,FALSE
677,Aurorus,Rock,Ice,521,123,77,72,99,92,58,6,FALSE
678,Sylveon,Fairy,<UNK>,525,95,65,65,110,130,60,6,FALSE
678f,Hawlucha,Fighting,Flying,500,78,92,75,74,63,118,6,FALSE
679,Dedenne,Electric,Fairy,431,67,58,57,81,67,101,6,FALSE
680,Carbink,Rock,Fairy,500,50,50,150,50,150,50,6,FALSE
681-blade,Goomy,Dragon,<UNK>,300,45,50,35,55,75,40,6,FALSE
681,Sliggoo,Dragon,<UNK>,452,68,75,53,83,113,60,6,FALSE
681-shield,Goodra,Dragon,<UNK>,600,90,100,70,110,150,80,6,FALSE
682,Klefki,Steel,Fairy,470,57,80,91,80,87,75,6,FALSE
683,Phantump,Ghost,Grass,309,43,70,48,50,60,38,6,FALSE
684,Trevenant,Ghost,Grass,474,85,110,76,65,82,56,6,FALSE
685,PumpkabooAverage Size,Ghost,Grass,335,49,66,70,44,55,51,6,FALSE
686,PumpkabooSmall Size,Ghost,Grass,335,44,66,70,44,55,56,6,FALSE
687,PumpkabooLarge Size,Ghost,Grass,335,54,66,70,44,55,46,6,FALSE
688,PumpkabooSuper Size,Ghost,Grass,335,59,66,70,44,55,41,6,FALSE
689,GourgeistAverage Size,Ghost,Grass,494,65,90,122,58,75,84,6,FALSE
690,GourgeistSmall Size,Ghost,Grass,494,55,85,122,58,75,99,6,FALSE
691,GourgeistLarge Size,Ghost,Grass,494,75,95,122,58,75,69,6,FALSE
692,GourgeistSuper Size,Ghost,Grass,494,85,100,122,58,75,54,6,FALSE
693,Bergmite,Ice,<UNK>,304,55,69,85,32,35,28,6,FALSE
694,Avalugg,Ice,<UNK>,514,95,117,184,44,46,28,6,FALSE
695,Noibat,Flying,Dragon,245,40,30,35,45,40,55,6,FALSE
696,Noivern,Flying,Dragon,535,85,70,80,97,80,123,6,FALSE
697,,Fairy,<UNK>,680,126,131,95,131,98,99,6,TRUE
698,,Dark,Flying,680,126,131,95,131,98,99,6,TRUE
699,,Dragon,Ground,600,108,100,121,81,95,95,6,TRUE
700,,Rock,Fairy,600,50,100,150,100,150,50,6,TRUE
701,,Rock,Fairy,700,50,160,110,160,110,110,6,TRUE
702,,Psychic,Ghost,600,80,110,60,150,130,70,6,TRUE
703,,Psychic,Dark,680,80,160,60,170,130,80,6,TRUE
704,,Fire,Water,600,80,110,120,130,90,70,6,TRUE
705,,Rock,Fairy,,,,,,,,,
706,,Dragon,<UNK>,,,,,,,,,
707,,Dragon,<UNK>,,,,,,,,,
708,,Dragon,<UNK>,,,,,,,,,
709,,Steel,Fairy,,,,,,,,,
710,,Ghost,Grass,,,,,,,,,
711,,Ghost,Grass,,,,,,,,,
712,,Ghost,Grass,,,,,,,,,
713,,Ghost,Grass,,,,,,,,,
714,,Ghost,Grass,,,,,,,,,
715,,Ghost,Grass,,,,,,,,,
716,,Ghost,Grass,,,,,,,,,
717,,Ghost,Grass,,,,,,,,,
718,,Ghost,Grass,,,,,,,,,
719,,Ghost,Grass,,,,,,,,,
719-mega,,Ice,<UNK>,,,,,,,,,
720-unbound,,Ice,<UNK>,,,,,,,,,
720,,Flying,Dragon,,,,,,,,,
721,,Flying,Dragon,,,,,,,,,